Datum;Bolag;Region;Antal annonser;Nya 14 dagar
2026-05-20;Academic Work;Östergötlands län;31;9
2026-05-20;Adecco;Östergötlands län;11;8
2026-05-20;Arena Personal;Östergötlands län;5;3
2026-05-20;Bemannia;Västra Götalands län;6;2
2026-05-20;Bravura;Östergötlands län;10;4
2026-05-20;Clockwork;Västra Götalands län;2;2
2026-05-20;Eterni Sweden;Östergötlands län;3;1
2026-05-20;Framtiden i Sverige;Östergötlands län;40;22
2026-05-20;Friday;Östergötlands län;22;9
2026-05-20;Gazella;Stockholms län;2;2
2026-05-20;Insitepart;Örebro län;4;1
2026-05-20;Jobandtalent;Östergötlands län;41;7
2026-05-20;Jurek;Västra Götalands län;8;1
2026-05-20;Konsultia;Örebro län;2;0
2026-05-20;Lernia;Östergötlands län;7;3
2026-05-20;Logent;Västra Götalands län;9;2
2026-05-20;Manpower;Östergötlands län;2;1
2026-05-20;NearYou;Östergötlands län;2;2
2026-05-20;OnePartnerGroup;Östergötlands län;7;4
2026-05-20;Perido;Östergötlands län;5;0
2026-05-20;Poolia;Östergötlands län;15;12
2026-05-20;Professionals Nord;Östergötlands län;21;7
2026-05-20;Randstad;Östergötlands län;22;6
2026-05-20;SJR;Västra Götalands län;5;4
2026-05-20;Skill;Östergötlands län;62;38
2026-05-20;Studentconsulting;Östergötlands län;24;10
2026-05-20;TNG Group;Östergötlands län;2;1
2026-05-20;Tranpenad;Östergötlands län;3;1
2026-05-20;Uniflex;Östergötlands län;17;3
2026-05-20;Wikan Personal;Västernorrlands län;1;1
2026-05-21;Academic Work;Östergötlands län;32;9
2026-05-21;Adecco;Östergötlands län;11;7
2026-05-21;Arena Personal;Östergötlands län;5;3
2026-05-21;Bemannia;Västra Götalands län;5;2
2026-05-21;Bravura;Östergötlands län;10;4
2026-05-21;Clockwork;Västra Götalands län;2;2
2026-05-21;Eterni Sweden;Östergötlands län;3;1
2026-05-21;Framtiden i Sverige;Östergötlands län;39;21
2026-05-21;Friday;Östergötlands län;23;9
2026-05-21;Gazella;Stockholms län;2;2
2026-05-21;Insitepart;Örebro län;4;1
2026-05-21;Jobandtalent;Östergötlands län;39;7
2026-05-21;Jurek;Västra Götalands län;8;1
2026-05-21;Konsultia;Örebro län;2;0
2026-05-21;Lernia;Östergötlands län;6;3
2026-05-21;Logent;Västra Götalands län;9;2
2026-05-21;Manpower;Östergötlands län;2;1
2026-05-21;NearYou;Östergötlands län;2;2
2026-05-21;OnePartnerGroup;Östergötlands län;7;3
2026-05-21;Perido;Östergötlands län;4;0
2026-05-21;Poolia;Östergötlands län;17;14
2026-05-21;Professionals Nord;Östergötlands län;21;7
2026-05-21;Randstad;Östergötlands län;22;4
2026-05-21;SJR;Västra Götalands län;4;4
2026-05-21;Skill;Östergötlands län;62;38
2026-05-21;Studentconsulting;Östergötlands län;24;8
2026-05-21;TNG Group;Östergötlands län;1;1
2026-05-21;Tranpenad;Östergötlands län;3;1
2026-05-21;Uniflex;Östergötlands län;17;3
2026-05-21;Wikan Personal;Västernorrlands län;1;1
2026-05-22;Academic Work;Östergötlands län;32;9
2026-05-22;Adecco;Östergötlands län;10;5
2026-05-22;Arena Personal;Östergötlands län;5;3
2026-05-22;Bemannia;Västra Götalands län;5;2
2026-05-22;Bravura;Östergötlands län;9;4
2026-05-22;Clockwork;Västra Götalands län;2;2
2026-05-22;Eterni Sweden;Östergötlands län;3;0
2026-05-22;Framtiden i Sverige;Östergötlands län;40;19
2026-05-22;Friday;Östergötlands län;24;10
2026-05-22;Gazella;Stockholms län;3;3
2026-05-22;Insitepart;Örebro län;4;1
2026-05-22;Jobandtalent;Östergötlands län;39;7
2026-05-22;Jurek;Västra Götalands län;9;2
2026-05-22;Konsultia;Örebro län;2;0
2026-05-22;Lernia;Östergötlands län;7;4
2026-05-22;Logent;Västra Götalands län;9;2
2026-05-22;Manpower;Östergötlands län;2;1
2026-05-22;NearYou;Örebro län;2;2
2026-05-22;OnePartnerGroup;Östergötlands län;7;3
2026-05-22;Perido;Östergötlands län;4;0
2026-05-22;Poolia;Östergötlands län;17;13
2026-05-22;Professionals Nord;Östergötlands län;20;7
2026-05-22;Randstad;Östergötlands län;23;4
2026-05-22;SJR;Västra Götalands län;5;5
2026-05-22;Skill;Östergötlands län;60;34
2026-05-22;Studentconsulting;Östergötlands län;24;7
2026-05-22;TNG Group;Östergötlands län;1;0
2026-05-22;Tranpenad;Östergötlands län;3;1
2026-05-22;Uniflex;Östergötlands län;17;3
2026-05-22;Wikan Personal;Västernorrlands län;1;1
2026-05-23;Academic Work;Östergötlands län;32;11
2026-05-23;Adecco;Östergötlands län;10;5
2026-05-23;Arena Personal;Östergötlands län;5;3
2026-05-23;Bemannia;Örebro län;1;1
2026-05-23;Bravura;Östergötlands län;9;4
2026-05-23;Clockwork;Västra Götalands län;2;2
2026-05-23;Eterni Sweden;Östergötlands län;3;0
2026-05-23;Framtiden i Sverige;Östergötlands län;39;17
2026-05-23;Friday;Östergötlands län;23;7
2026-05-23;Gazella;Stockholms län;3;3
2026-05-23;Insitepart;Örebro län;3;1
2026-05-23;Jobandtalent;Östergötlands län;39;9
2026-05-23;Jurek;Västra Götalands län;9;2
2026-05-23;Konsultia;Örebro län;2;0
2026-05-23;Lernia;Östergötlands län;7;2
2026-05-23;Logent;Västra Götalands län;8;2
2026-05-23;Manpower;Östergötlands län;2;1
2026-05-23;NearYou;Örebro län;2;2
2026-05-23;OnePartnerGroup;Östergötlands län;6;3
2026-05-23;Perido;Östergötlands län;4;0
2026-05-23;Poolia;Östergötlands län;17;13
2026-05-23;Professionals Nord;Östergötlands län;15;6
2026-05-23;Randstad;Östergötlands län;21;4
2026-05-23;SJR;Västra Götalands län;5;5
2026-05-23;Skill;Östergötlands län;58;29
2026-05-23;Studentconsulting;Östergötlands län;27;9
2026-05-23;TNG Group;Östergötlands län;1;0
2026-05-23;Tranpenad;Östergötlands län;3;1
2026-05-23;Uniflex;Östergötlands län;16;3
2026-05-23;Wikan Personal;Västernorrlands län;1;1
2026-05-24;Academic Work;Östergötlands län;32;11
2026-05-24;Adecco;Östergötlands län;10;5
2026-05-24;Arena Personal;Östergötlands län;5;3
2026-05-24;Bemannia;Örebro län;1;1
2026-05-24;Bravura;Östergötlands län;9;4
2026-05-24;Clockwork;Västra Götalands län;2;2
2026-05-24;Eterni Sweden;Östergötlands län;3;0
2026-05-24;Framtiden i Sverige;Östergötlands län;39;17
2026-05-24;Friday;Östergötlands län;23;7
2026-05-24;Gazella;Stockholms län;3;3
2026-05-24;Insitepart;Örebro län;3;1
2026-05-24;Jobandtalent;Östergötlands län;39;9
2026-05-24;Jurek;Västra Götalands län;9;2
2026-05-24;Konsultia;Örebro län;2;0
2026-05-24;Lernia;Östergötlands län;7;2
2026-05-24;Logent;Västra Götalands län;8;2
2026-05-24;Manpower;Östergötlands län;2;1
2026-05-24;NearYou;Örebro län;2;2
2026-05-24;OnePartnerGroup;Östergötlands län;6;3
2026-05-24;Perido;Östergötlands län;4;0
2026-05-24;Poolia;Östergötlands län;17;13
2026-05-24;Professionals Nord;Östergötlands län;15;6
2026-05-24;Randstad;Östergötlands län;21;4
2026-05-24;SJR;Västra Götalands län;5;5
2026-05-24;Skill;Östergötlands län;58;29
2026-05-24;Studentconsulting;Östergötlands län;27;9
2026-05-24;TNG Group;Östergötlands län;1;0
2026-05-24;Tranpenad;Östergötlands län;3;1
2026-05-24;Uniflex;Östergötlands län;16;3
2026-05-24;Wikan Personal;Västernorrlands län;1;1
2026-05-25;Academic Work;Östergötlands län;32;11
2026-05-25;Adecco;Östergötlands län;9;4
2026-05-25;Arena Personal;Östergötlands län;5;3
2026-05-25;Bemannia;Örebro län;1;1
2026-05-25;Bravura;Östergötlands län;9;4
2026-05-25;Clockwork;Västra Götalands län;2;2
2026-05-25;Eterni Sweden;Östergötlands län;3;0
2026-05-25;Framtiden i Sverige;Östergötlands län;37;17
2026-05-25;Friday;Östergötlands län;22;7
2026-05-25;Gazella;Stockholms län;3;3
2026-05-25;Insitepart;Örebro län;3;1
2026-05-25;Jobandtalent;Östergötlands län;39;9
2026-05-25;Jurek;Västra Götalands län;9;2
2026-05-25;Konsultia;Örebro län;2;0
2026-05-25;Lernia;Östergötlands län;7;2
2026-05-25;Logent;Västra Götalands län;8;2
2026-05-25;Manpower;Östergötlands län;2;1
2026-05-25;NearYou;Örebro län;2;2
2026-05-25;OnePartnerGroup;Östergötlands län;6;3
2026-05-25;Perido;Östergötlands län;4;0
2026-05-25;Poolia;Östergötlands län;17;13
2026-05-25;Professionals Nord;Östergötlands län;10;6
2026-05-25;Randstad;Östergötlands län;21;4
2026-05-25;SJR;Västra Götalands län;5;5
2026-05-25;Skill;Östergötlands län;51;29
2026-05-25;Studentconsulting;Östergötlands län;24;9
2026-05-25;TNG Group;Östergötlands län;1;0
2026-05-25;Tranpenad;Östergötlands län;3;1
2026-05-25;Uniflex;Östergötlands län;15;3
2026-05-25;Wikan Personal;Västernorrlands län;1;1
2026-05-26;Academic Work;Östergötlands län;32;10
2026-05-26;Adecco;Östergötlands län;9;4
2026-05-26;Arena Personal;Östergötlands län;5;3
2026-05-26;Bemannia;Örebro län;1;1
2026-05-26;Bravura;Östergötlands län;9;4
2026-05-26;Clockwork;Västra Götalands län;1;1
2026-05-26;Eterni Sweden;Östergötlands län;3;0
2026-05-26;Framtiden i Sverige;Östergötlands län;38;15
2026-05-26;Friday;Östergötlands län;22;5
2026-05-26;Gazella;Stockholms län;3;2
2026-05-26;Insitepart;Örebro län;3;1
2026-05-26;Jobandtalent;Östergötlands län;36;7
2026-05-26;Jurek;Västra Götalands län;9;2
2026-05-26;Konsultia;Örebro län;2;0
2026-05-26;Lernia;Östergötlands län;8;3
2026-05-26;Logent;Västra Götalands län;8;2
2026-05-26;Manpower;Östergötlands län;2;1
2026-05-26;NearYou;Örebro län;2;2
2026-05-26;OnePartnerGroup;Östergötlands län;7;4
2026-05-26;Perido;Östergötlands län;4;0
2026-05-26;Poolia;Östergötlands län;15;13
2026-05-26;Professionals Nord;Östergötlands län;13;9
2026-05-26;Randstad;Östergötlands län;22;5
2026-05-26;SJR;Västra Götalands län;5;4
2026-05-26;Skill;Östergötlands län;51;26
2026-05-26;Studentconsulting;Östergötlands län;24;8
2026-05-26;TNG Group;Östergötlands län;1;0
2026-05-26;Tranpenad;Östergötlands län;3;1
2026-05-26;Uniflex;Östergötlands län;15;2
2026-05-26;Wikan Personal;Västernorrlands län;1;1
2026-05-27;Academic Work;Östergötlands län;31;10
2026-05-27;Adecco;Östergötlands län;8;3
2026-05-27;Arena Personal;Östergötlands län;5;3
2026-05-27;Bemannia;Örebro län;1;1
2026-05-27;Bravura;Östergötlands län;9;4
2026-05-27;Clockwork;Västra Götalands län;1;0
2026-05-27;Framtiden i Sverige;Östergötlands län;37;11
2026-05-27;Friday;Östergötlands län;24;7
2026-05-27;Gazella;Stockholms län;3;2
2026-05-27;Insitepart;Örebro län;2;1
2026-05-27;Jobandtalent;Östergötlands län;33;6
2026-05-27;Jurek;Västra Götalands län;9;1
2026-05-27;Konsultia;Örebro län;2;0
2026-05-27;Lernia;Östergötlands län;8;3
2026-05-27;Logent;Västra Götalands län;8;1
2026-05-27;Manpower;Östergötlands län;2;1
2026-05-27;NearYou;Örebro län;2;2
2026-05-27;OnePartnerGroup;Östergötlands län;7;4
2026-05-27;Perido;Östergötlands län;4;0
2026-05-27;Poolia;Östergötlands län;15;12
2026-05-27;Professionals Nord;Östergötlands län;13;5
2026-05-27;Randstad;Östergötlands län;22;5
2026-05-27;SJR;Västra Götalands län;5;4
2026-05-27;Skill;Östergötlands län;52;24
2026-05-27;Studentconsulting;Östergötlands län;24;8
2026-05-27;TNG Group;Östergötlands län;1;0
2026-05-27;Tranpenad;Östergötlands län;3;1
2026-05-27;Uniflex;Östergötlands län;15;2
2026-05-27;Wikan Personal;Västernorrlands län;1;0
2026-05-28;Academic Work;Östergötlands län;31;8
2026-05-28;Adecco;Östergötlands län;8;3
2026-05-28;Arena Personal;Östergötlands län;5;3
2026-05-28;Bemannia;Örebro län;1;1
2026-05-28;Bravura;Östergötlands län;9;3
2026-05-28;Clockwork;Västra Götalands län;1;0
2026-05-28;Eterni Sweden;Östergötlands län;3;0
2026-05-28;Framtiden i Sverige;Östergötlands län;36;9
2026-05-28;Friday;Östergötlands län;25;8
2026-05-28;Gazella;Stockholms län;3;2
2026-05-28;Insitepart;Örebro län;2;1
2026-05-28;Jobandtalent;Östergötlands län;33;6
2026-05-28;Jurek;Västra Götalands län;8;1
2026-05-28;Konsultia;Örebro län;2;0
2026-05-28;Lernia;Östergötlands län;8;3
2026-05-28;Logent;Västra Götalands län;8;1
2026-05-28;Manpower;Östergötlands län;1;1
2026-05-28;NearYou;Örebro län;2;2
2026-05-28;OnePartnerGroup;Östergötlands län;6;3
2026-05-28;Perido;Östergötlands län;3;0
2026-05-28;Poolia;Östergötlands län;15;11
2026-05-28;Professionals Nord;Östergötlands län;13;7
2026-05-28;Randstad;Östergötlands län;21;3
2026-05-28;SJR;Västra Götalands län;5;4
2026-05-28;Skill;Östergötlands län;53;23
2026-05-28;Studentconsulting;Östergötlands län;25;9
2026-05-28;TNG Group;Östergötlands län;1;0
2026-05-28;Tranpenad;Östergötlands län;2;1
2026-05-28;Uniflex;Östergötlands län;16;2
2026-05-28;Wikan Personal;Västernorrlands län;1;0
2026-05-29;Academic Work;Östergötlands län;32;10
2026-05-29;Adecco;Östergötlands län;8;0
2026-05-29;Arena Personal;Östergötlands län;5;3
2026-05-29;Bemannia;Örebro län;1;1
2026-05-29;Bravura;Östergötlands län;10;4
2026-05-29;Clockwork;Västra Götalands län;1;0
2026-05-29;Eterni Sweden;Östergötlands län;3;0
2026-05-29;Framtiden i Sverige;Östergötlands län;41;14
2026-05-29;Friday;Östergötlands län;25;8
2026-05-29;Gazella;Stockholms län;3;2
2026-05-29;Insitepart;Örebro län;2;1
2026-05-29;Jobandtalent;Östergötlands län;31;6
2026-05-29;Jurek;Västra Götalands län;7;2
2026-05-29;Konsultia;Örebro län;2;0
2026-05-29;Lernia;Östergötlands län;8;3
2026-05-29;Logent;Västra Götalands län;8;1
2026-05-29;Manpower;Östergötlands län;1;1
2026-05-29;NearYou;Örebro län;2;2
2026-05-29;OnePartnerGroup;Östergötlands län;6;3
2026-05-29;Perido;Östergötlands län;3;0
2026-05-29;Poolia;Östergötlands län;15;11
2026-05-29;Professionals Nord;Östergötlands län;12;7
2026-05-29;Randstad;Östergötlands län;20;3
2026-05-29;SJR;Västra Götalands län;4;4
2026-05-29;Skill;Östergötlands län;56;28
2026-05-29;Studentconsulting;Östergötlands län;28;12
2026-05-29;TNG Group;Östergötlands län;1;0
2026-05-29;Tranpenad;Östergötlands län;2;1
2026-05-29;Uniflex;Östergötlands län;14;2
2026-05-29;Wikan Personal;Västernorrlands län;1;0
2026-05-30;Academic Work;Östergötlands län;34;14
2026-05-30;Adecco;Östergötlands län;8;0
2026-05-30;Arena Personal;Östergötlands län;5;3
2026-05-30;Bemannia;Västra Götalands län;4;4
2026-05-30;Bravura;Östergötlands län;10;4
2026-05-30;Clockwork;Västra Götalands län;1;0
2026-05-30;Eterni Sweden;Östergötlands län;3;0
2026-05-30;Framtiden i Sverige;Östergötlands län;40;14
2026-05-30;Friday;Östergötlands län;61;45
2026-05-30;Gazella;Stockholms län;3;2
2026-05-30;Insitepart;Örebro län;5;3
2026-05-30;Jobandtalent;Östergötlands län;31;6
2026-05-30;Jurek;Västra Götalands län;7;2
2026-05-30;Konsultia;Örebro län;1;0
2026-05-30;Lernia;Östergötlands län;8;3
2026-05-30;Logent;Västra Götalands län;8;1
2026-05-30;Manpower;Östergötlands län;1;1
2026-05-30;NearYou;Örebro län;2;2
2026-05-30;OnePartnerGroup;Östergötlands län;6;3
2026-05-30;Perido;Östergötlands län;3;0
2026-05-30;Poolia;Östergötlands län;13;10
2026-05-30;Professionals Nord;Östergötlands län;12;7
2026-05-30;Randstad;Östergötlands län;19;3
2026-05-30;SJR;Västra Götalands län;5;5
2026-05-30;Skill;Östergötlands län;58;32
2026-05-30;Studentconsulting;Östergötlands län;21;11
2026-05-30;TNG Group;Östergötlands län;1;0
2026-05-30;Tranpenad;Östergötlands län;2;1
2026-05-30;Uniflex;Östergötlands län;14;2
2026-05-30;Wikan Personal;Västernorrlands län;1;0
2026-05-31;Academic Work;Östergötlands län;32;14
2026-05-31;Adecco;Östergötlands län;8;0
2026-05-31;Arena Personal;Östergötlands län;5;3
2026-05-31;Bemannia;Västra Götalands län;4;4
2026-05-31;Bravura;Östergötlands län;10;4
2026-05-31;Clockwork;Västra Götalands län;1;0
2026-05-31;Eterni Sweden;Östergötlands län;3;0
2026-05-31;Framtiden i Sverige;Östergötlands län;39;14
2026-05-31;Friday;Östergötlands län;61;45
2026-05-31;Gazella;Stockholms län;3;2
2026-05-31;Insitepart;Örebro län;5;3
2026-05-31;Jobandtalent;Östergötlands län;30;6
2026-05-31;Jurek;Västra Götalands län;7;2
2026-05-31;Konsultia;Örebro län;1;0
2026-05-31;Lernia;Östergötlands län;8;3
2026-05-31;Logent;Västra Götalands län;8;1
2026-05-31;Manpower;Östergötlands län;1;1
2026-05-31;NearYou;Örebro län;2;2
2026-05-31;OnePartnerGroup;Östergötlands län;6;3
2026-05-31;Perido;Västra Götalands län;9;8
2026-05-31;Poolia;Östergötlands län;13;10
2026-05-31;Professionals Nord;Östergötlands län;12;7
2026-05-31;Randstad;Östergötlands län;19;3
2026-05-31;SJR;Västra Götalands län;5;5
2026-05-31;Skill;Östergötlands län;58;32
2026-05-31;Studentconsulting;Östergötlands län;21;11
2026-05-31;TNG Group;Östergötlands län;1;0
2026-05-31;Tranpenad;Östergötlands län;2;1
2026-05-31;Uniflex;Östergötlands län;13;2
2026-05-31;Wikan Personal;Västernorrlands län;1;0
2026-06-01;Academic Work;Östergötlands län;32;14
2026-06-01;Adecco;Östergötlands län;8;0
2026-06-01;Arena Personal;Östergötlands län;5;3
2026-06-01;Bemannia;Västra Götalands län;4;4
2026-06-01;Bravura;Östergötlands län;10;4
2026-06-01;Clockwork;Västra Götalands län;1;0
2026-06-01;Framtiden i Sverige;Östergötlands län;35;14
2026-06-01;Friday;Östergötlands län;60;0
2026-06-01;Gazella;Stockholms län;2;2
2026-06-01;Insitepart;Örebro län;5;3
2026-06-01;Jobandtalent;Östergötlands län;30;6
2026-06-01;Jurek;Västra Götalands län;4;2
2026-06-01;Konsultia;Örebro län;1;0
2026-06-01;Lernia;Östergötlands län;6;3
2026-06-01;Logent;Västra Götalands län;8;1
2026-06-01;Manpower;Östergötlands län;1;1
2026-06-01;NearYou;Örebro län;2;2
2026-06-01;OnePartnerGroup;Östergötlands län;6;3
2026-06-01;Perido;Västra Götalands län;9;8
2026-06-01;Poolia;Östergötlands län;13;10
2026-06-01;Professionals Nord;Östergötlands län;12;7
2026-06-01;Randstad;Östergötlands län;19;3
2026-06-01;SJR;Västra Götalands län;5;5
2026-06-01;Skill;Östergötlands län;45;31
2026-06-01;Studentconsulting;Östergötlands län;17;11
2026-06-01;TNG Group;Östergötlands län;1;0
2026-06-01;Tranpenad;Östergötlands län;2;1
2026-06-01;Uniflex;Östergötlands län;13;2
2026-06-01;Wikan Personal;Västernorrlands län;1;0
2026-06-02;Academic Work;Östergötlands län;30;14
2026-06-02;Adecco;Östergötlands län;7;0
2026-06-02;Arena Personal;Östergötlands län;5;2
2026-06-02;Bemannia;Västra Götalands län;4;4
2026-06-02;Bravura;Östergötlands län;10;2
2026-06-02;Clockwork;Västmanlands län;2;1
2026-06-02;Framtiden i Sverige;Östergötlands län;38;15
2026-06-02;Friday;Östergötlands län;61;45
2026-06-02;Gazella;Stockholms län;3;3
2026-06-02;Insitepart;Örebro län;5;3
2026-06-02;Jobandtalent;Östergötlands län;30;4
2026-06-02;Jurek;Västra Götalands län;4;2
2026-06-02;Konsultia;Örebro län;1;1
2026-06-02;Lernia;Östergötlands län;6;3
2026-06-02;Logent;Östergötlands län;2;2
2026-06-02;Manpower;Östergötlands län;1;0
2026-06-02;NearYou;Örebro län;2;1
2026-06-02;OnePartnerGroup;Östergötlands län;6;2
2026-06-02;Perido;Västra Götalands län;10;9
2026-06-02;Poolia;Östergötlands län;11;8
2026-06-02;Professionals Nord;Östergötlands län;13;7
2026-06-02;Randstad;Östergötlands län;21;5
2026-06-02;SJR;Västra Götalands län;5;4
2026-06-02;Skill;Östergötlands län;42;26
2026-06-02;Studentconsulting;Östergötlands län;18;10
2026-06-02;TNG Group;Östergötlands län;1;0
2026-06-02;Tranpenad;Östergötlands län;2;1
2026-06-02;Uniflex;Östergötlands län;7;1
2026-06-02;Wikan Personal;Västerbottens län;8;6
2026-06-03;Academic Work;Östergötlands län;30;13
2026-06-03;Adecco;Östergötlands län;7;0
2026-06-03;Arena Personal;Östergötlands län;5;2
2026-06-03;Bemannia;Västra Götalands län;4;4
2026-06-03;Bravura;Östergötlands län;10;2
2026-06-03;Clockwork;Västmanlands län;2;1
2026-06-03;Framtiden i Sverige;Östergötlands län;41;17
2026-06-03;Friday;Östergötlands län;63;46
2026-06-03;Gazella;Stockholms län;3;3
2026-06-03;Insitepart;Örebro län;5;3
2026-06-03;Jobandtalent;Östergötlands län;32;6
2026-06-03;Jurek;Västra Götalands län;3;2
2026-06-03;Konsultia;Örebro län;1;1
2026-06-03;Lernia;Östergötlands län;8;7
2026-06-03;Logent;Östergötlands län;2;2
2026-06-03;Manpower;Östergötlands län;1;0
2026-06-03;NearYou;Örebro län;2;0
2026-06-03;OnePartnerGroup;Östergötlands län;5;2
2026-06-03;Perido;Västra Götalands län;10;9
2026-06-03;Poolia;Östergötlands län;11;5
2026-06-03;Professionals Nord;Östergötlands län;14;8
2026-06-03;Randstad;Östergötlands län;20;5
2026-06-03;SJR;Västra Götalands län;7;6
2026-06-03;Skill;Östergötlands län;47;30
2026-06-03;Studentconsulting;Östergötlands län;21;13
2026-06-03;TNG Group;Östergötlands län;1;0
2026-06-03;Tranpenad;Östergötlands län;2;1
2026-06-03;Uniflex;Östergötlands län;7;1
2026-06-03;Wikan Personal;Västerbottens län;8;6
2026-06-04;Academic Work;Östergötlands län;30;9
2026-06-04;Adecco;Östergötlands län;5;0
2026-06-04;Arena Personal;Östergötlands län;5;2
2026-06-04;Bemannia;Västra Götalands län;3;3
2026-06-04;Bravura;Östergötlands län;11;2
2026-06-04;Clockwork;Västmanlands län;2;1
2026-06-04;Framtiden i Sverige;Östergötlands län;41;17
2026-06-04;Friday;Östergötlands län;93;76
2026-06-04;Gazella;Stockholms län;3;3
2026-06-04;Insitepart;Örebro län;5;3
2026-06-04;Jobandtalent;Östergötlands län;31;7
2026-06-04;Jurek;Västra Götalands län;3;2
2026-06-04;Konsultia;Örebro län;1;1
2026-06-04;Lernia;Östergötlands län;8;7
2026-06-04;Logent;Östergötlands län;2;2
2026-06-04;Manpower;Östergötlands län;1;0
2026-06-04;NearYou;Örebro län;2;0
2026-06-04;OnePartnerGroup;Östergötlands län;5;2
2026-06-04;Perido;Östergötlands län;2;2
2026-06-04;Poolia;Östergötlands län;11;4
2026-06-04;Professionals Nord;Östergötlands län;14;8
2026-06-04;Randstad;Östergötlands län;22;7
2026-06-04;SJR;Västra Götalands län;7;5
2026-06-04;Skill;Östergötlands län;49;28
2026-06-04;Studentconsulting;Östergötlands län;22;12
2026-06-04;TNG Group;Östergötlands län;1;0
2026-06-04;Tranpenad;Östergötlands län;2;0
2026-06-04;Uniflex;Östergötlands län;8;2
2026-06-04;Wikan Personal;Västerbottens län;8;6
2026-06-05;Academic Work;Östergötlands län;31;10
2026-06-05;Adecco;Östergötlands län;7;3
2026-06-05;Arena Personal;Östergötlands län;5;2
2026-06-05;Bemannia;Östergötlands län;1;1
2026-06-05;Bravura;Östergötlands län;11;2
2026-06-05;Clockwork;Östergötlands län;1;1
2026-06-05;Eterni Sweden;Östergötlands län;2;2
2026-06-05;Framtiden i Sverige;Östergötlands län;38;17
2026-06-05;Friday;Östergötlands län;27;9
2026-06-05;Gazella;Stockholms län;4;2
2026-06-05;Insitepart;Örebro län;5;3
2026-06-05;Jobandtalent;Östergötlands län;30;7
2026-06-05;Jurek;Västra Götalands län;3;2
2026-06-05;Konsultia;Örebro län;1;1
2026-06-05;Lernia;Östergötlands län;10;7
2026-06-05;Logent;Östergötlands län;2;2
2026-06-05;Manpower;Östergötlands län;1;0
2026-06-05;NearYou;Örebro län;2;0
2026-06-05;OnePartnerGroup;Östergötlands län;5;2
2026-06-05;Perido;Östergötlands län;3;3
2026-06-05;Poolia;Östergötlands län;11;4
2026-06-05;Professionals Nord;Östergötlands län;15;9
2026-06-05;Randstad;Östergötlands län;29;13
2026-06-05;SJR;Västra Götalands län;7;4
2026-06-05;Skill;Östergötlands län;49;28
2026-06-05;Studentconsulting;Östergötlands län;23;13
2026-06-05;TNG Group;Östergötlands län;1;0
2026-06-05;Tranpenad;Östergötlands län;2;0
2026-06-05;Uniflex;Östergötlands län;8;2
2026-06-05;Wikan Personal;Västerbottens län;9;7
