Datum;Bolag;Kommun;Antal annonser
2026-05-20;Manpower;Göteborg;9
2026-05-20;Manpower;Stockholm;6
2026-05-20;Manpower;Borås;4
2026-05-20;Manpower;Örnsköldsvik;3
2026-05-20;Manpower;Västerås;2
2026-05-20;Lernia;Göteborg;15
2026-05-20;Lernia;Falkenberg;14
2026-05-20;Lernia;Halmstad;13
2026-05-20;Lernia;Varberg;9
2026-05-20;Lernia;Borås;6
2026-05-20;Adecco;Stockholm;17
2026-05-20;Adecco;Malmö;16
2026-05-20;Adecco;Göteborg;11
2026-05-20;Adecco;Växjö;9
2026-05-20;Adecco;Uppsala;7
2026-05-20;Perido;Stockholm;9
2026-05-20;Perido;Göteborg;6
2026-05-20;Perido;Norrköping;4
2026-05-20;Perido;Borlänge;1
2026-05-20;Perido;Skövde;1
2026-05-20;Randstad;Göteborg;20
2026-05-20;Randstad;Stockholm;18
2026-05-20;Randstad;Uppsala;12
2026-05-20;Randstad;Norrköping;9
2026-05-20;Randstad;Jönköping;8
2026-05-20;Academic Work;Stockholm;113
2026-05-20;Academic Work;Göteborg;29
2026-05-20;Academic Work;Linköping;27
2026-05-20;Academic Work;Malmö;25
2026-05-20;Academic Work;Örebro;16
2026-05-20;Studentconsulting;Malmö;16
2026-05-20;Studentconsulting;Stockholm;13
2026-05-20;Studentconsulting;Västerås;12
2026-05-20;Studentconsulting;Luleå;12
2026-05-20;Studentconsulting;Norrköping;11
2026-05-20;Poolia;Stockholm;15
2026-05-20;Poolia;Finspång;7
2026-05-20;Poolia;Linköping;6
2026-05-20;Poolia;Helsingborg;5
2026-05-20;Poolia;Malmö;4
2026-05-20;Uniflex;Stockholm;24
2026-05-20;Uniflex;Helsingborg;13
2026-05-20;Uniflex;Norrköping;10
2026-05-20;Uniflex;Göteborg;10
2026-05-20;Uniflex;Vetlanda;8
2026-05-20;OnePartnerGroup;Jönköping;16
2026-05-20;OnePartnerGroup;Östersund;11
2026-05-20;OnePartnerGroup;Örnsköldsvik;8
2026-05-20;OnePartnerGroup;Göteborg;7
2026-05-20;OnePartnerGroup;Stockholm;7
2026-05-20;Skill;Finspång;28
2026-05-20;Skill;Linköping;27
2026-05-20;Skill;Trollhättan;12
2026-05-20;Skill;Göteborg;4
2026-05-20;Skill;Norrköping;3
2026-05-20;Arena Personal;Stockholm;15
2026-05-20;Arena Personal;Strängnäs;14
2026-05-20;Arena Personal;Eskilstuna;13
2026-05-20;Arena Personal;Göteborg;5
2026-05-20;Arena Personal;Järfälla;4
2026-05-20;Tranpenad;Göteborg;6
2026-05-20;Tranpenad;Borås;4
2026-05-20;Tranpenad;Sigtuna;4
2026-05-20;Tranpenad;Håbo;3
2026-05-20;Tranpenad;Eskilstuna;3
2026-05-20;Jobandtalent;Norrköping;26
2026-05-20;Jobandtalent;Jönköping;8
2026-05-20;Jobandtalent;Stockholm;7
2026-05-20;Jobandtalent;Göteborg;7
2026-05-20;Jobandtalent;Malmö;6
2026-05-20;NearYou;Alingsås;9
2026-05-20;NearYou;Trollhättan;8
2026-05-20;NearYou;Jönköping;7
2026-05-20;NearYou;Vårgårda;6
2026-05-20;NearYou;Göteborg;6
2026-05-20;SJR;Stockholm;16
2026-05-20;SJR;Göteborg;5
2026-05-20;SJR;Uppsala;4
2026-05-20;SJR;Helsingborg;1
2026-05-20;SJR;Järfälla;1
2026-05-20;Clockwork;Stockholm;8
2026-05-20;Clockwork;Umeå;4
2026-05-20;Clockwork;Avesta;3
2026-05-20;Clockwork;Gävle;3
2026-05-20;Clockwork;Falun;3
2026-05-20;Logent;Stockholm;6
2026-05-20;Logent;Helsingborg;6
2026-05-20;Logent;Malmö;5
2026-05-20;Logent;Göteborg;5
2026-05-20;Logent;Halmstad;4
2026-05-20;Bemannia;Stockholm;8
2026-05-20;Bemannia;Göteborg;6
2026-05-20;Bemannia;Norrtälje;4
2026-05-20;Bemannia;Sundbyberg;2
2026-05-20;Bemannia;Krokom;1
2026-05-20;Framtiden i Sverige;Linköping;33
2026-05-20;Framtiden i Sverige;Stockholm;20
2026-05-20;Framtiden i Sverige;Jönköping;13
2026-05-20;Framtiden i Sverige;Göteborg;12
2026-05-20;Framtiden i Sverige;Västerås;8
2026-05-20;Professionals Nord;Luleå;33
2026-05-20;Professionals Nord;Piteå;14
2026-05-20;Professionals Nord;Stockholm;13
2026-05-20;Professionals Nord;Kiruna;12
2026-05-20;Professionals Nord;Umeå;10
2026-05-20;Bravura;Stockholm;61
2026-05-20;Bravura;Göteborg;16
2026-05-20;Bravura;Linköping;8
2026-05-20;Bravura;Malmö;6
2026-05-20;Bravura;Jönköping;6
2026-05-20;Jurek;Stockholm;11
2026-05-20;Jurek;Göteborg;7
2026-05-20;Jurek;Uppsala;2
2026-05-20;Jurek;Solna;2
2026-05-20;Jurek;Värnamo;1
2026-05-20;TNG Group;Stockholm;25
2026-05-20;TNG Group;Malmö;4
2026-05-20;TNG Group;Göteborg;3
2026-05-20;TNG Group;Helsingborg;3
2026-05-20;TNG Group;Linköping;2
2026-05-20;Eterni Sweden;Växjö;13
2026-05-20;Eterni Sweden;Vetlanda;9
2026-05-20;Eterni Sweden;Jönköping;4
2026-05-20;Eterni Sweden;Helsingborg;3
2026-05-20;Eterni Sweden;Ljungby;3
2026-05-20;Friday;Göteborg;35
2026-05-20;Friday;Stockholm;27
2026-05-20;Friday;Linköping;22
2026-05-20;Friday;Malmö;11
2026-05-20;Friday;Skövde;6
2026-05-20;Gazella;Stockholm;2
2026-05-20;Insitepart;Stockholm;11
2026-05-20;Insitepart;Jönköping;7
2026-05-20;Insitepart;Örebro;4
2026-05-20;Insitepart;Göteborg;1
2026-05-20;Insitepart;Växjö;1
2026-05-20;Wikan Personal;Ängelholm;7
2026-05-20;Wikan Personal;Skellefteå;6
2026-05-20;Wikan Personal;Kristianstad;5
2026-05-20;Wikan Personal;Växjö;4
2026-05-20;Wikan Personal;Ovanåker;4
2026-05-20;Konsultia;Piteå;6
2026-05-20;Konsultia;Skellefteå;5
2026-05-20;Konsultia;Luleå;3
2026-05-20;Konsultia;Skövde;3
2026-05-20;Konsultia;Örnsköldsvik;3
